score,attempts,fastest,slowest
1,4,19.63381,19.63381
8,9,5.489605,19.68153
4,8,5.39314,8.831968
8,10,3.4157,20.05683
