score,attempts,fastest,slowest
2,17,7.977181,23.55828
2,17,7.977181,23.55828
