score,attempts,fastest,slowest
1,4,19.63381,19.63381
8,9,5.489605,19.68153
